Workbook

Sheet Test Cases
A1: Chunk-Stitching QA Tracker — 96×64 Tile Chunks
A2: Test Case ID | B2: Test Case Name | C2: Edge Type | D2: Chunk Coordinates | E2: Expected Behavior | F2: Actual Result | G2: Pass/Fail | H2: Severity | I2: Fix Notes | J2: Last Tested Date
A3: TC-001 | B3: Road Alignment Across Chunk Border (Horizontal) | C3: road | D3: Chunk (2,3) → (3,3) | E3: A 4-tile-wide road exits the east edge of chunk (2,3) at tile rows 30–33 and must re-enter chunk (3,3) at the same tile rows with matching road type and lane markings. No gap, offset, or type mismatch. | H3: Medium
A4: TC-002 | B4: Road Alignment Across Chunk Border (Vertical) | C4: road | D4: Chunk (4,2) → (4,3) | E4: A 2-tile-wide road exits the south edge of chunk (4,2) at tile columns 48–49 and must re-enter chunk (4,3) at the same columns. No gap or lateral shift. | H4: Medium
A5: TC-003 | B5: Road T-Intersection at Chunk Corner | C5: road | D5: Chunk (1,1) → (2,1) | E5: A T-intersection straddles the chunk border. All three road arms must connect correctly, pavement markings align, and no phantom fourth arm appears. | H5: High
A6: TC-004 | B6: Road Dead-End Detection at Chunk Edge | C6: road | D6: Chunk (5,4) → edge | E6: A road that terminates at a chunk border with no matching road on the neighbor chunk must be capped with a valid dead-end tile (cul-de-sac, barrier, or T-cap). No open road stub. | H6: High
A7: TC-005 | B7: Road Curve Continuity at Border | C7: road | D7: Chunk (0,2) → (1,2) | E7: A curved road segment approaching the chunk border must exit at the correct angle and tile offset so the neighbor chunk can continue the curve without a kink or gap. | H7: Medium
A8: TC-006 | B8: Rail Line Continuity (Straight) | C8: rail | D8: Chunk (3,0) → (4,0) | E8: A single-track railway exits the east edge of chunk (3,0) at tile row 10 and must enter chunk (4,0) at the same row with matching track type (standard gauge). No gap, elevation mismatch, or alignment error. | H8: Medium
A9: TC-007 | B9: Rail Elevation Change at Chunk Border | C9: rail | D9: Chunk (6,2) → (7,2) | E9: A rail segment transitions from ground level to elevated (bridge) exactly at the chunk boundary. The bridge support structure must spawn correctly in both chunks with no floating segments. | H9: High
A10: TC-008 | B10: Rail Switch / Junction at Chunk Border | C10: rail | D10: Chunk (2,5) → (3,5) | E10: A rail switch point straddles the chunk border. Both diverging tracks must continue correctly into the neighbor chunk; switch state (open/closed) must persist across the boundary. | H10: High
A11: TC-009 | B11: Rail Dead-End / Buffer Stop at Edge | C11: rail | D11: Chunk (8,3) → edge | E11: A rail line that ends at a chunk border with no neighbor rail must receive a valid buffer-stop tile. No open track stub exposed to void. | H11: High
A12: TC-010 | B12: Building Footprint Clipping (2×2 Building) | C12: building boundary | D12: Chunk (1,4) → (2,4) | E12: A 2×2 building whose footprint straddles the chunk border must be split correctly: left half in chunk (1,4), right half in chunk (2,4). Both halves share the same building ID, render as a single structure, and have no seam artifact. | H12: Medium
A13: TC-011 | B13: Building Footprint Clipping (Large L-Shaped) | C13: building boundary | D13: Chunk (3,3) → (4,3) | E13: An L-shaped building (5×3 + 2×2 arm) straddling the chunk border must be split with the footprint preserved. No tile is double-claimed or missing; roof tiles cap correctly. | H13: High
A14: TC-012 | B14: Building Footprint — Corner-Crossing (4-Chunk) | C14: building boundary | D14: Chunks (2,2),(3,2),(2,3),(3,3) | E14: A large 4×4 building centered on the intersection of four chunks must appear in all four chunks as a single unified structure with no repeated facades or missing corners. | H14: Critical
... A22: TC-020 | B22: Null Neighbor Chunk — Graceful Edge Handling | C22: road | D22: Chunk (9,9) → null | E22: A chunk at the world boundary with no neighbor must correctly terminate all outgoing roads, rails, and water without generating errors, exposed stubs, or calls to a null chunk reference. | H22: Critical

Sheet Summary Dashboard
A1: QA Summary Dashboard
A3: Overall Test Status
A4: Status | B4: Count | C4: % of Total
A5: Total Test Cases | B5: =COUNTA('Test Cases'!A3:A22)
A6: Passed | B6: =COUNTIF('Test Cases'!G3:G22,"Pass") | C6: =IF(B6=0,"",B6/B5)
A7: Failed | B7: =COUNTIF('Test Cases'!G3:G22,"Fail") | C7: =IF(B7=0,"",B7/B5)
A8: Blocked | B8: =COUNTIF('Test Cases'!G3:G22,"Blocked") | C8: =IF(B8=0,"",B8/B5)
A9: N/A | B9: =COUNTIF('Test Cases'!G3:G22,"N/A") | C9: =IF(B9=0,"",B9/B5)
A10: Untested (blank) | B10: =COUNTBLANK('Test Cases'!G3:G22) | C10: =IF(B10=0,"",B10/B5)
A12: Test Cases by Edge Type
A13: Edge Type | B13: Count | C13: % of Total
A14: road | B14: =COUNTIF('Test Cases'!C3:C22,"road") | C14: =IF(B14=0,"",B14/COUNTA('Test Cases'!A3:A22))
A15: rail | B15: =COUNTIF('Test Cases'!C3:C22,"rail") | C15: =IF(B15=0,"",B15/COUNTA('Test Cases'!A3:A22))
A16: building boundary | B16: =COUNTIF('Test Cases'!C3:C22,"building boundary") | C16: =IF(B16=0,"",B16/COUNTA('Test Cases'!A3:A22))
A17: district border | B17: =COUNTIF('Test Cases'!C3:C22,"district border") | C17: =IF(B17=0,"",B17/COUNTA('Test Cases'!A3:A22))
A18: water | B18: =COUNTIF('Test Cases'!C3:C22,"water") | C18: =IF(B18=0,"",B18/COUNTA('Test Cases'!A3:A22))
A19: water + road | B19: =COUNTIF('Test Cases'!C3:C22,"water + road") | C19: =IF(B19=0,"",B19/COUNTA('Test Cases'!A3:A22))
A20: road + rail | B20: =COUNTIF('Test Cases'!C3:C22,"road + rail") | C20: =IF(B20=0,"",B20/COUNTA('Test Cases'!A3:A22))
A22: Test Cases by Severity
A23: Severity | B23: Count | C23: % of Total
A24: Critical | B24: =COUNTIF('Test Cases'!H3:H22,"Critical") | C24: =IF(B24=0,"",B24/COUNTA('Test Cases'!A3:A22))
A25: High | B25: =COUNTIF('Test Cases'!H3:H22,"High") | C25: =IF(B25=0,"",B25/COUNTA('Test Cases'!A3:A22))
A26: Medium | B26: =COUNTIF('Test Cases'!H3:H22,"Medium") | C26: =IF(B26=0,"",B26/COUNTA('Test Cases'!A3:A22))
A27: Low | B27: =COUNTIF('Test Cases'!H3:H22,"Low") | C27: =IF(B27=0,"",B27/COUNTA('Test Cases'!A3:A22))

Sheet Edge Type Reference
A1: Edge Type Reference — Chunk-Stitching Rules
A2: Edge Type | B2: Description | C2: Key Stitching Rules | D2: Tile Overlap Required? | E2: Common Failure Modes
A3: road | B3: Drivable vehicle paths including streets, highways, and intersections | C3: Lane count, road type, and tile row/column must match exactly at border; markings must mirror | D3: 1-tile read-ahead from neighbor required | E3: Lateral offset, type mismatch, phantom intersections
A4: rail | B4: Train tracks including ground, elevated, and underground variants | C4: Track gauge, elevation, and tile row must match; switch states must be serialized cross-chunk | D4: 2-tile read-ahead for elevation ramps | E4: Floating bridge supports, open stubs, switch desync
A5: building boundary | B5: Footprints of structures that span more than one chunk | C5: Building ID must be shared; footprint registry must be written before either chunk generates interiors | D5: Full footprint reserved before generation | E5: Seam artifacts, double-claimed tiles, missing roof caps
A6: district border | B6: Thematic zone transitions (residential, commercial, industrial, park, etc.) | C6: Transition asset sets must be applied within 2 tiles of border; lighting parameters lerped across border | D6: No tile overlap; border is sampled as gradient | E6: Hard palette cuts, wrong-biome props, lighting pops
A7: water | B7: Rivers, lakes, and coastal water bodies | C7: Flow direction, UV offset, and shore tile variant must match; water surface is a continuous mesh | D7: 1-tile read-ahead for shore detection | E7: Seam in water animation, land inside lake, mismatched shore
A9: Notes
A10: Note 1 | B10: All chunk data exchange uses a read-ahead buffer. The required tile overlap depth varies by edge type (see column D).
A11: Note 2 | B11: Combined edge scenarios (e.g., road + rail at same chunk border) must process each system's stitching pass independently to avoid tile ownership conflicts.
A12: Note 3 | B12: Null-neighbor chunks (world boundary) must gracefully terminate all edge systems without calling into a null chunk reference or leaving open stubs.
A13: Note 4 | B13: Building footprint registries are written globally before per-chunk generation begins, ensuring cross-chunk structures are reserved before any tile is placed.
